{"cameraMode":{"drawMode":0,"name":"Shaded","section":"Shading Mode"},"sceneLighting":true,"audioPlay":false,"sceneViewState":{"m_AlwaysRefresh":false,"showFog":true,"showSkybox":true,"showFlares":true,"showImageEffects":true,"showParticleSystems":true,"showVisualEffectGraphs":true,"m_FxEnabled":true},"in2DMode":false,"pivot":{"x":-2.2836804389953615,"y":-2.3654613494873049,"z":3.8811988830566408},"rotation":{"x":-0.25398382544517519,"y":0.6537742018699646,"z":-0.24855607748031617,"w":-0.6680514216423035},"size":6.3947062492370609,"orthographic":false}